gamification,11
local-businesses-global-trends,8
the-rise-of-health-tech,8
marketing-authenticity,8
hiring-for-startups,8
the-path-to-seed-funding,8
effective-employee-feedback-real-world-examples,8
psychology-of-pricing,7
how-boundaries-can-boost-your-career,7
social-media-expert,7
navigating-startup-accelerators,7
seed-stage-startups,7
startup-insurance-101,7
financial-reporting-in-strategic-decision-making,6
ai-technologies-redefining-customer-satisfaction,6
office-pets,6
6-fun-team-building-exercises-for-your-remote-team,6
ai-in-customer-service,6
ecommerce-sales-strategies,6
crowdfunding-for-startups,6
benefits-for-teams-culture,6
leadership-profile,6
work-retreat-experiences,6
employee-wellness-programs,6
cloud,5
strategies-for-setting-the-right-price,5
social-listening,5
visuals-and-multimedia,5
maximizing-the-value-of-offboarding,5
costs-of-helicopter-management,5
social-media-metrics,5
employee-training-and-development,5
the-psychology-of-entrepreneurship-how-to-get-it-all-done,5
annual-in-person-retreats,5
6-goals-every-startup-should-have,5
biotech-startups,5
choosing-the-right-crm-for-your-startup,5
consulting-for-startups,5
the-role-of-co-founders,5
the-right-talent-for-your-team,5
digital-meetings,5
the-secret-power-of-small-talk,5
challenging-client-relationships,4
ecommerce-strategies,4
upgrade-your-checkout-game,4
why-customer-feedback-is-crucial,4
maximizing-your-reach-how-to-effectively-share-blog-posts-on-linkedin,4
user-generated-content,4
high-school-graduates,4
brand-recognition,4
google-first-page,4
importance-of-high-quality-content,4
the-new-search-game,4
8-tips-for-running-a-productive-zoom-call,4
7-sales-tips-to-create-more-conversions,4
a-b-testing-strategies,4
automation-tools,4
essential-tools-for-startup-success,4
minimize-risks-maximize-rewards,4
pre-seed-valuation-a-startups-guide,4
pros-cons-of-angel-investors-in-startup-funding,4
the-anatomy-of-startup-apps,4
the-books-every-founder-should-read,4
how-do-you-define-your-target-audience,4
how-to-set-up-a-stellar-onboarding-process,4
customer-relationship-management-crm,3
cybersecurity-in-the-modern-business-landscape,3
how-to-align-your-content-with-your-target-audience,3
ai-for-startups,3
video-shorts,3
manage-work-before-and-after-a-vacation,3
strategies-for-remote-onboarding,3
decoding-pitchbook-pricing,3
exploring-angel-group-funding,3
how-retirees-bring-value-to-startup-teams,3
role-of-empathy-in-successful-startups,3
startup-founders-delegate-remote-teams,3
the-cost-of-pitchbook,3
5-ways-to-train-your-management-team-to-retain-employees,3
5-productive-personality-traits-of-an-entrepreneur,3
how-creative-brainstorming-can-actually-build-your-brand,3
hybrid-learning,3
building-a-resilient-business,2
learning-from-failure,2
managing-cash-flow,2
maxdiff,2
maximizing-roi-strategies,2
networking-opportunities-for-new-clients,2
outsourcing,2
how-to-find-engaging-content-ideas,2
exceptional-hr-managers,2
best-gadgets-for-leaders,2
organizational-behavior,2
prepare-any-team-for-the-holidays,2
remote-team-culture-how-to-build-one-in-your-company,2
remote-work-revolution,2
how-to-captivate-conscious-customers,2
amplitude-pricing,2
content-marketing-for-startups,2
early-startup-days,2
navigating-the-legal-maze-essential-tips-for-startup-founders,2
role-of-branding-agencies-in-startups,2
startup-financing,2
the-role-of-crm-in-startup-operations,2
which-marketing-strategies-are-best-for-a-startup-budget,2
client-interactions,2
how-to-create-stellar-sops,2
people-management-tips-unlocking-the-potential-of-your-team,2
4-ways-to-use-linkedin-for-networking,2
corporate-gifts-for-clients-building-lasting-relationships,2
why-your-degree-might-not-matter,2
women-entrepreneurs,2
achieving-results-at-trade-shows,1
de-escalation-techniques,1
how-to-create-the-perfect-elevator-pitch,1
hyper-personalized-surveys,1
mastering-the-pitch-deck,1
gig-workers,1
the-gig-economy-impact-on-traditional-employment,1
future-of-customer-service,1
10-actionable-pr-tips-to-create-name-recognition,1
4-top-project-management-apps-and-their-benefits,1
how-to-turn-setbacks-into-success-stories,1
4-tips-to-get-your-startup-employees-socially-involved,1
best-payroll-software-for-startups,1
how-can-startups-maintain-their-financial-health,1
how-startups-are-shaking-up-traditional-industries,1
startup-accounting,1
the-accelerator-advantage,1
why-tech-plays-such-a-big-role-in-startups,0
hush-trips,0
confronting-ableism-in-the-workplace,0
overcoming-imposter-syndrome,0
evolution-of-coworking-spaces,0
how-to-turn-your-side-hustle-into-a-startup,0
gen-z-shaping-startups,0
what-to-look-for-when-hiring-your-2,0
building-a-brand-that-puts-customers-first,0
7-reasons-why-collaboration-are-crucial-for-startups,0
